report_date,ifo_business_climate,ifo_business_situation,ifo_business_expectations,de_economic_sentiment_index,de_employment_expectations_index,de_industry_confidence,de_services_confidence,de_consumer_confidence,de_retail_confidence,de_construction_confidence,year,ifo_business_climate_growth,ifo_business_situation_growth,ifo_business_expectations_growth,de_economic_sentiment_index_growth,de_employment_expectations_index_growth,de_industry_confidence_growth,de_services_confidence_growth,de_consumer_confidence_growth,de_retail_confidence_growth,de_construction_confidence_growth
2009-01-01,81.7,82.1,81.3,75.1,80.3,-37.5,-11.2,-19.6,-29.8,-29.7,2009,,,,,,,,,,
2009-02-01,81.3,80.0,82.7,73.5,79.0,-41.3,-11.9,-19.9,-25.9,-29.8,2009,-0.4895960832313362,-2.5578562728379994,1.7220172201722006,-2.130492676431417,-1.6189290161892855,10.133333333333328,6.25,1.5306122448979442,-13.08724832214766,0.33670033670034627
2009-03-01,79.7,77.5,82.0,72.8,78.1,-42.0,-13.9,-20.6,-26.9,-28.7,2009,-1.9680196801967975,-3.125,-0.846432889963733,-0.9523809523809601,-1.13924050632912,1.6949152542373058,16.806722689075638,3.5175879396984966,3.8610038610038533,-3.691275167785235
2009-04-01,81.5,78.3,84.8,75.1,78.5,-39.7,-10.8,-19.3,-22.3,-29.5,2009,2.258469259723972,1.0322580645161228,3.4146341463414664,3.159340659340648,0.512163892445594,-5.476190476190467,-22.302158273381288,-6.310679611650494,-17.100371747211884,2.7874564459930307
2009-05-01,82.0,77.7,86.6,77.3,80.8,-37.9,-7.4,-18.7,-21.4,-30.5,2009,0.6134969325153339,-0.7662835249042099,2.1226415094339535,2.929427430093212,2.9299363057324834,-4.534005037783384,-31.481481481481488,-3.1088082901554515,-4.035874439461895,3.3898305084745672
2009-06-01,83.8,77.8,90.1,80.3,84.3,-34.7,-4.4,-17.8,-17.4,-30.1,2009,2.195121951219514,0.12870012870012104,4.041570438799069,3.880983182406217,4.331683168316824,-8.443271767810012,-40.54054054054054,-4.8128342245989275,-18.691588785046733,-1.3114754098360604
2009-07-01,85.1,78.6,92.1,82.6,86.1,-31.2,-3.9,-15.7,-18.8,-29.3,2009,1.5513126491646823,1.0282776349614275,2.219755826859049,2.8642590286425795,2.1352313167259718,-10.086455331412115,-11.363636363636376,-11.79775280898877,8.045977011494276,-2.657807308970106
2009-08-01,87.5,80.2,95.5,88.4,89.2,-25.3,3.6,-13.1,-16.8,-27.1,2009,2.820211515863691,2.0356234096692294,3.6916395222584164,7.021791767554486,3.600464576074347,-18.91025641025641,-192.30769230769232,-16.560509554140125,-10.63829787234043,-7.508532423208192
2009-09-01,89.3,81.2,98.2,90.4,87.2,-23.6,6.1,-11.5,-14.8,-29.1,2009,2.0571428571428463,1.2468827930174564,2.8272251308900653,2.262443438914019,-2.2421524663677084,-6.719367588932801,69.44444444444441,-12.213740458015266,-11.904761904761907,7.380073800737996
2009-10-01,89.6,81.8,98.1,92.7,89.4,-19.6,6.4,-9.9,-17.3,-26.9,2009,0.33594624860022737,0.738916256157629,-0.10183299389002753,2.5442477876106206,2.5229357798165264,-16.94915254237288,4.918032786885251,-13.913043478260867,16.891891891891888,-7.56013745704468
2009-11-01,90.8,82.9,99.5,93.1,88.3,-19.2,9.0,-11.4,-15.8,-26.2,2009,1.3392857142857206,1.344743276283622,1.4271151885830946,0.4314994606256617,-1.230425055928419,-2.0408163265306256,40.625,15.15151515151516,-8.670520231213874,-2.6022304832713727
2009-12-01,91.0,83.9,98.7,94.2,91.6,-17.4,8.2,-9.5,-15.7,-27.2,2009,0.22026431718062955,1.2062726176115701,-0.8040201005025116,1.1815252416756294,3.737259343148347,-9.375,-8.888888888888902,-16.666666666666675,-0.6329113924050778,3.8167938931297662
2010-01-01,90.6,83.9,98.0,94.5,90.4,-14.9,8.6,-11.4,-16.2,-27.3,2010,-0.4395604395604491,0.0,-0.7092198581560294,0.31847133757960666,-1.3100436681222627,-14.367816091954012,4.878048780487809,19.999999999999996,3.1847133757961776,0.3676470588235281
2010-02-01,90.7,84.4,97.4,95.5,91.6,-12.5,6.7,-10.4,-21.0,-26.6,2010,0.11037527593820151,0.5959475566150285,-0.6122448979591799,1.0582010582010692,1.327433628318575,-16.10738255033557,-22.093023255813947,-8.771929824561408,29.629629629629626,-2.564102564102566
2010-03-01,92.2,85.4,99.6,98.2,95.8,-9.2,9.6,-9.1,-18.2,-24.3,2010,1.6538037486218293,1.1848341232227444,2.258726899383978,2.8272251308900653,4.585152838427953,-26.400000000000002,43.28358208955223,-12.50000000000001,-13.333333333333341,-8.64661654135338
2010-04-01,95.5,90.2,101.1,103.8,98.6,-4.3,16.5,-5.9,-3.6,-22.2,2010,3.579175704989157,5.62060889929743,1.5060240963855387,5.702647657841142,2.9227557411273475,-53.260869565217384,71.875,-35.16483516483516,-80.21978021978022,-8.64197530864198
2010-05-01,95.5,90.9,100.4,103.2,98.9,-1.6,15.0,-8.4,-7.5,-22.2,2010,0.0,0.77605321507761,-0.6923837784371778,-0.578034682080919,0.30425963488844854,-62.7906976744186,-9.090909090909093,42.3728813559322,108.33333333333334,0.0
2010-06-01,96.2,92.3,100.3,104.5,98.9,1.3,14.8,-7.2,-9.3,-21.3,2010,0.732984293193728,1.5401540154015292,-0.09960159362550902,1.2596899224806224,0.0,-181.25,-1.3333333333333308,-14.28571428571429,24.0,-4.0540540540540455
2010-07-01,98.5,94.9,102.2,108.1,103.1,4.5,18.5,-4.0,-2.4,-18.7,2010,2.3908523908523938,2.8169014084507227,1.8943170488534555,3.4449760765550286,4.246713852376116,246.15384615384613,25.0,-44.44444444444444,-74.19354838709677,-12.20657276995306
2010-08-01,99.8,96.0,103.7,109.3,106.7,5.8,19.6,-2.3,0.3,-19.1,2010,1.3197969543147225,1.1591148577449806,1.4677103718199636,1.1100832562442209,3.491755577109612,28.888888888888875,5.945945945945952,-42.50000000000001,-112.5,2.1390374331550888
2010-09-01,100.7,97.9,103.5,111.0,106.2,6.7,21.7,-0.4,3.0,-16.8,2010,0.9018036072144353,1.9791666666666652,-0.192864030858253,1.5553522415370669,-0.46860356138707093,15.517241379310342,10.714285714285698,-82.6086956521739,900.0,-12.041884816753933
2010-10-01,101.8,98.9,104.8,111.7,109.0,7.7,23.4,-0.6,2.7,-15.0,2010,1.0923535253227312,1.0214504596527174,1.256038647342983,0.6306306306306242,2.6365348399246757,14.925373134328357,7.834101382488479,49.99999999999998,-9.999999999999998,-10.71428571428572
2010-11-01,103.5,100.9,106.1,112.8,109.5,8.0,24.3,1.2,5.8,-14.5,2010,1.6699410609037457,2.0222446916076775,1.2404580152671763,0.9847806624887934,0.4587155963302836,3.8961038961038863,3.8461538461538547,-300.0,114.8148148148148,-3.3333333333333326
2010-12-01,103.0,100.5,105.6,113.0,109.0,9.4,23.0,0.7,10.4,-15.5,2010,-0.48309178743961567,-0.3964321110009994,-0.47125353440150564,0.17730496453900457,-0.45662100456621557,17.500000000000004,-5.349794238683126,-41.666666666666664,79.3103448275862,6.896551724137923
2011-01-01,101.6,99.7,103.6,111.3,109.9,8.5,19.8,0.4,3.9,-13.8,2011,-1.3592233009708798,-0.7960199004975133,-1.8939393939393923,-1.5044247787610598,0.8256880733944927,-9.57446808510639,-13.913043478260867,-42.85714285714285,-62.5,-10.967741935483865
2011-02-01,102.5,102.0,103.1,112.9,110.6,10.5,21.4,0.9,6.1,-11.1,2011,0.8858267716535417,2.306920762286868,-0.4826254826254872,1.4375561545372895,0.6369426751592355,23.529411764705888,8.080808080808065,125.0,56.41025641025641,-19.56521739130436
2011-03-01,102.2,101.9,102.4,112.5,112.5,10.5,20.7,0.1,6.1,-11.4,2011,-0.29268292682926855,-0.09803921568627416,-0.6789524733268548,-0.3542958370239213,1.7179023508137492,0.0,-3.2710280373831724,-88.88888888888889,0.0,2.7027027027027195
2011-04-01,102.2,102.7,101.7,112.1,113.4,10.9,20.5,-1.0,4.9,-8.7,2011,0.0,0.7850834151128527,-0.68359375,-0.3555555555555645,0.8000000000000007,3.809523809523818,-0.9661835748792202,-1100.0,-19.672131147540973,-23.684210526315795
2011-05-01,102.5,103.6,101.5,111.5,111.0,10.7,19.1,-1.4,5.1,-7.6,2011,0.29354207436398383,0.8763388510223846,-0.1966568338249819,-0.5352363960749229,-2.1164021164021163,-1.8348623853211121,-6.829268292682922,39.99999999999999,4.081632653061207,-12.643678160919535
2011-06-01,101.9,102.6,101.3,111.3,111.0,9.5,19.4,-0.5,1.8,-6.7,2011,-0.585365853658526,-0.9652509652509633,-0.19704433497537144,-0.17937219730942422,0.0,-11.214953271028028,1.5706806282722363,-64.28571428571428,-64.70588235294117,-11.842105263157887
2011-07-01,102.2,103.1,101.3,110.4,110.8,8.0,19.2,-0.9,-1.4,-7.1,2011,0.2944062806673253,0.4873294346978474,0.0,-0.8086253369272156,-0.18018018018017834,-15.789473684210531,-1.0309278350515427,80.0,-177.77777777777777,5.970149253731338
2011-08-01,99.6,102.1,97.1,106.7,106.7,4.8,15.1,-3.8,-5.0,-6.2,2011,-2.5440313111546042,-0.9699321047526688,-4.146100691016786,-3.351449275362317,-3.700361010830322,-40.0,-21.354166666666664,322.22222222222223,257.14285714285717,-12.676056338028163
2011-09-01,98.0,100.2,95.8,105.0,107.3,2.3,12.2,-3.0,-6.8,-7.4,2011,-1.6064257028112428,-1.860920666013699,-1.3388259526261548,-1.5932521087160256,0.5623242736644718,-52.083333333333336,-19.20529801324503,-21.052631578947366,35.999999999999986,19.354838709677423
2011-10-01,97.9,100.2,95.6,103.6,107.3,0.6,13.6,-5.1,-10.6,-9.8,2011,-0.10204081632652073,0.0,-0.20876826722338038,-1.333333333333342,0.0,-73.91304347826086,11.475409836065587,70.0,55.88235294117647,32.432432432432435
2011-11-01,98.1,100.9,95.5,103.1,106.8,-1.5,12.6,-4.9,-6.4,-8.5,2011,0.20429009193052572,0.698602794411185,-0.10460251046024993,-0.4826254826254872,-0.4659832246039164,-350.0,-7.352941176470584,-3.9215686274509665,-39.622641509433954,-13.265306122448983
2011-12-01,98.1,100.9,95.4,103.7,105.4,-1.0,13.4,-4.0,-8.0,-10.8,2011,0.0,0.0,-0.10471204188481353,0.5819592628516057,-1.3108614232209659,-33.333333333333336,6.349206349206349,-18.36734693877552,25.0,27.05882352941178
2012-01-01,98.4,100.1,96.8,103.6,107.0,0.0,12.4,-4.3,-8.5,-10.4,2012,0.3058103975535298,-0.7928642220019988,1.467505241090139,-0.0964320154291265,1.5180265654648917,-100.0,-7.462686567164178,7.499999999999996,6.25,-3.703703703703709
2012-02-01,99.3,100.7,97.9,104.0,106.3,0.0,14.3,-4.8,-8.6,-9.2,2012,0.9146341463414531,0.5994005994006013,1.1363636363636465,0.38610038610038533,-0.6542056074766434,,15.322580645161299,11.627906976744185,1.17647058823529,-11.538461538461553
2012-03-01,99.5,100.3,98.7,103.6,107.7,-2.4,15.3,-4.8,-5.8,-9.5,2012,0.20140986908359082,-0.3972194637537285,0.8171603677221695,-0.38461538461539435,1.3170272812794037,-inf,6.9930069930070005,0.0,-32.55813953488372,3.260869565217406
2012-04-01,100.1,101.6,98.6,104.7,105.4,-1.5,17.4,-4.6,-4.4,-9.5,2012,0.6030150753768782,1.2961116650049842,-0.10131712259372483,1.0617760617760652,-2.135561745589598,-37.5,13.725490196078427,-4.166666666666674,-24.13793103448275,0.0
2012-05-01,98.9,100.9,96.9,102.8,106.4,-4.4,16.3,-5.4,-12.3,-8.2,2012,-1.1988011988011915,-0.6889763779527436,-1.724137931034475,-1.8147086914995225,0.9487666034155628,193.33333333333337,-6.321839080459757,17.391304347826097,179.54545454545453,-13.684210526315798
2012-06-01,96.9,99.0,94.8,101.9,103.7,-5.4,13.4,-4.6,-13.4,-9.6,2012,-2.0222446916076886,-1.8830525272547138,-2.1671826625387136,-0.8754863813229541,-2.537593984962405,22.72727272727273,-17.791411042944784,-14.814814814814826,8.943089430894302,17.073170731707332
2012-07-01,95.5,97.4,93.7,98.9,102.9,-8.8,9.4,-5.5,-12.6,-8.2,2012,-1.4447884416924683,-1.6161616161616155,-1.1603375527426074,-2.944062806673209,-0.7714561234329786,62.962962962962976,-29.850746268656714,19.56521739130437,-5.97014925373135,-14.583333333333337
2012-08-01,95.1,97.3,92.8,98.5,102.0,-9.6,9.8,-6.1,-15.1,-8.9,2012,-0.41884816753927634,-0.10266940451746365,-0.9605122732123883,-0.4044489383215444,-0.8746355685131268,9.090909090909083,4.255319148936176,10.909090909090914,19.84126984126984,8.536585365853666
2012-09-01,94.8,96.3,93.4,97.0,101.5,-11.9,9.6,-7.1,-18.1,-8.8,2012,-0.3154574132492094,-1.0277492291880796,0.6465517241379448,-1.5228426395939132,-0.4901960784313708,23.95833333333335,-2.0408163265306256,16.393442622950815,19.867549668874183,-1.1235955056179692
2012-10-01,94.7,95.8,93.7,95.9,100.4,-14.6,9.2,-7.2,-15.3,-10.8,2012,-0.10548523206750371,-0.5192107995846351,0.3211991434689532,-1.134020618556697,-1.0837438423645263,22.689075630252088,-4.166666666666674,1.4084507042253502,-15.469613259668513,22.72727272727273
2012-11-01,94.1,95.2,92.9,97.5,102.1,-11.8,8.8,-6.5,-14.5,-9.4,2012,-0.6335797254487963,-0.6263048016701411,-0.8537886872998945,1.6684045881126153,1.6932270916334646,-19.17808219178081,-4.347826086956507,-9.722222222222221,-5.228758169934644,-12.962962962962965
2012-12-01,95.4,95.7,95.2,98.2,103.9,-10.3,10.1,-6.7,-15.7,-11.9,2012,1.3815090329436952,0.5252100840336116,2.475780409041972,0.7179487179487243,1.7629774730656411,-12.711864406779661,14.772727272727249,3.076923076923088,8.275862068965512,26.595744680851062
2013-01-01,96.3,96.5,96.2,100.1,103.1,-8.8,11.3,-5.4,-14.3,-7.4,2013,0.943396226415083,0.8359456635318674,1.0504201680672232,1.9348268839103788,-0.7699711260827802,-14.563106796116498,11.881188118811892,-19.402985074626866,-8.917197452229287,-37.81512605042017
2013-02-01,97.3,95.3,99.3,100.7,102.9,-6.8,11.0,-5.4,-15.3,-6.3,2013,1.0384215991692702,-1.2435233160621784,3.2224532224532254,0.5994005994006013,-0.19398642095052043,-22.72727272727274,-2.6548672566371723,0.0,6.9930069930070005,-14.864864864864868
2013-03-01,97.6,96.3,98.8,101.1,102.9,-7.8,13.7,-5.2,-17.8,-6.0,2013,0.30832476875641834,1.049317943336825,-0.503524672708966,0.3972194637537063,0.0,14.705882352941169,24.545454545454536,-3.703703703703709,16.33986928104576,-4.761904761904756
2013-04-01,95.9,94.0,97.9,99.9,100.9,-7.4,8.5,-4.8,-20.4,-4.2,2013,-1.741803278688514,-2.388369678089297,-0.910931174089058,-1.186943620178027,-1.9436345966958202,-5.128205128205121,-37.95620437956204,-7.692307692307699,14.606741573033698,-29.999999999999993
2013-05-01,97.1,95.8,98.5,100.8,102.0,-8.0,11.8,-4.7,-13.6,-4.2,2013,1.2513034410844615,1.9148936170212627,0.6128702757916216,0.9009009009008917,1.090188305252715,8.108108108108091,38.823529411764724,-2.083333333333326,-33.33333333333333,0.0
2013-06-01,96.5,95.3,97.7,101.3,100.2,-5.8,11.3,-4.6,-15.4,-5.3,2013,-0.6179196704428347,-0.5219206680584509,-0.8121827411167515,0.49603174603174427,-1.764705882352935,-27.500000000000004,-4.23728813559322,-2.1276595744680993,13.235294117647056,26.190476190476186
2013-07-01,98.0,97.1,98.9,101.9,101.7,-6.4,12.5,-3.8,-13.9,-5.3,2013,1.5544041450777257,1.8887722980063026,1.22824974411464,0.5923000987166915,1.4970059880239583,10.344827586206895,10.619469026548668,-17.391304347826086,-9.740259740259738,0.0
2013-08-01,98.7,96.9,100.4,104.0,103.7,-2.1,13.8,-4.0,-10.7,-4.2,2013,0.7142857142857117,-0.2059732234809375,1.5166835187057526,2.060843964671233,1.9665683382497523,-67.1875,10.40000000000001,5.263157894736836,-23.021582733812963,-20.75471698113207
2013-09-01,99.0,97.1,100.9,105.2,104.1,-1.7,15.8,-3.0,-8.8,-2.9,2013,0.3039513677811412,0.20639834881319707,0.4980079681274896,1.1538461538461497,0.38572806171648377,-19.047619047619058,14.492753623188403,-25.0,-17.757009345794383,-30.952380952380953
2013-10-01,98.9,98.0,99.8,105.3,103.9,1.0,12.2,-2.6,-8.7,-3.6,2013,-0.10101010101009056,0.9268795056642798,-1.0901883052527372,0.0950570342205248,-0.19212295869355245,-158.82352941176472,-22.78481012658229,-13.33333333333333,-1.1363636363636576,24.13793103448276
2013-11-01,99.6,97.9,101.3,106.2,105.3,0.9,14.2,-1.8,-8.0,-4.7,2013,0.707785642062686,-0.10204081632652073,1.503006012024044,0.8547008547008517,1.3474494706448459,-9.999999999999998,16.393442622950815,-30.76923076923077,-8.045977011494243,30.555555555555557
2013-12-01,100.4,99.1,101.7,106.2,105.1,0.3,14.7,-1.3,-6.2,-6.2,2013,0.8032128514056325,1.2257405515832431,0.39486673247779436,0.0,-0.18993352326686086,-66.66666666666667,3.5211267605633756,-27.77777777777778,-22.499999999999996,31.914893617021267
2014-01-01,101.4,100.0,102.7,106.8,103.8,0.5,15.1,-0.4,-7.3,-8.6,2014,0.9960159362549792,0.908173562058523,0.9832841691248762,0.5649717514124131,-1.236917221693623,66.66666666666667,2.7210884353741527,-69.23076923076923,17.741935483870954,38.709677419354826
2014-02-01,101.3,99.8,102.8,107.3,107.1,0.8,15.4,0.0,-3.3,-6.4,2014,-0.09861932938857176,-0.20000000000000018,0.09737098344693162,0.46816479400748623,3.1791907514450823,60.00000000000001,1.9867549668874274,-100.0,-54.794520547945204,-25.581395348837198
2014-03-01,101.2,100.6,101.8,107.2,107.8,1.2,15.4,-0.6,-2.1,-7.9,2014,-0.09871668311943749,0.8016032064128265,-0.9727626459143934,-0.09319664492077884,0.6535947712418277,49.99999999999998,0.0,-inf,-36.36363636363635,23.4375
2014-04-01,102.1,102.1,102.0,107.3,107.3,0.5,16.2,-0.4,0.1,-9.3,2014,0.8893280632410905,1.491053677932408,0.19646365422396617,0.0932835820895539,-0.4638218923933235,-58.33333333333333,5.1948051948051965,-33.33333333333333,-104.76190476190477,17.721518987341778
2014-05-01,100.1,99.7,100.6,107.0,104.9,0.7,15.0,0.0,-3.0,-10.9,2014,-1.9588638589618013,-2.350636630754155,-1.3725490196078494,-0.2795899347623476,-2.236719478098781,39.99999999999999,-7.4074074074074066,-100.0,-3100.0,17.204301075268802
2014-06-01,99.8,99.4,100.1,105.4,103.3,-1.2,13.0,-0.5,-4.9,-8.5,2014,-0.29970029970030065,-0.30090270812437314,-0.497017892644136,-1.495327102803734,-1.5252621544328049,-271.42857142857144,-13.33333333333333,-inf,63.33333333333335,-22.018348623853214
2014-07-01,99.5,99.2,99.8,105.1,103.2,-0.9,12.9,-0.1,-10.3,-11.3,2014,-0.30060120240480437,-0.2012072434607659,-0.29970029970030065,-0.2846299810246755,-0.09680542110357404,-25.0,-0.7692307692307665,-80.0,110.20408163265304,32.94117647058825
2014-08-01,98.3,98.7,98.0,103.8,104.6,-2.9,12.4,-1.5,-10.2,-11.0,2014,-1.2060301507537674,-0.5040322580645129,-1.8036072144288595,-1.236917221693623,1.3565891472868241,222.2222222222222,-3.875968992248058,1400.0,-0.9708737864077777,-2.6548672566371723
2014-09-01,97.7,98.4,97.0,102.5,103.2,-5.3,12.6,-2.2,-10.9,-10.1,2014,-0.6103763987792443,-0.3039513677811523,-1.0204081632653073,-1.2524084778420042,-1.338432122370925,82.75862068965519,1.6129032258064502,46.66666666666668,6.862745098039236,-8.18181818181819
2014-10-01,96.3,96.7,95.9,102.4,102.8,-6.4,12.5,-1.3,-13.9,-9.2,2014,-1.4329580348004134,-1.7276422764227695,-1.134020618556697,-0.09756097560974508,-0.3875968992248069,20.75471698113209,-0.7936507936507908,-40.90909090909092,27.522935779816503,-8.910891089108919
2014-11-01,96.0,96.1,95.9,102.3,99.9,-4.5,11.4,-1.9,-13.2,-12.7,2014,-0.31152647975077885,-0.6204756980351722,0.0,-0.0976562500000111,-2.821011673151741,-29.6875,-8.799999999999997,46.153846153846146,-5.035971223021585,38.04347826086958
2014-12-01,98.2,98.4,98.1,103.0,102.1,-4.4,12.3,-1.4,-11.2,-11.4,2014,2.2916666666666696,2.393340270551514,2.294056308654846,0.6842619745845546,2.202202202202197,-2.2222222222222143,7.8947368421052655,-26.315789473684216,-15.151515151515149,-10.236220472440937
2015-01-01,98.8,98.7,98.9,104.1,102.9,-3.0,12.8,-0.5,-10.1,-11.7,2015,0.6109979633401208,0.304878048780477,0.8154943934760572,1.0679611650485477,0.7835455435847294,-31.818181818181824,4.065040650406493,-64.28571428571428,-9.82142857142857,2.631578947368407
2015-02-01,98.8,98.0,99.5,104.6,103.9,-2.1,12.2,-0.1,-8.2,-11.7,2015,0.0,-0.7092198581560294,0.6066734074823055,0.4803073967339033,0.9718172983479212,-29.999999999999993,-4.687500000000011,-80.0,-18.811881188118818,0.0
2015-03-01,99.1,98.5,99.6,106.3,106.2,-0.1,15.0,0.5,-6.0,-12.1,2015,0.30364372469635637,0.5102040816326481,0.10050251256281673,1.6252390057361454,2.213666987487972,-95.23809523809523,22.95081967213115,-600.0,-26.82926829268292,3.418803418803429
2015-04-01,100.2,100.3,100.0,106.6,106.2,-0.3,15.3,0.7,-4.1,-9.3,2015,1.1099899091826515,1.8274111675126825,0.40160642570281624,0.2822201317027151,0.0,199.99999999999994,2.0000000000000018,39.99999999999999,-31.666666666666675,-23.140495867768585
2015-05-01,100.4,100.5,100.2,106.6,106.3,-0.9,17.0,0.1,-3.9,-11.5,2015,0.1996007984031989,0.1994017946161497,0.20000000000000018,0.0,0.09416195856872811,200.0,11.111111111111116,-85.71428571428571,-4.8780487804877986,23.655913978494624
2015-06-01,100.1,100.2,100.1,107.0,106.4,-1.2,18.4,-0.2,-5.1,-11.4,2015,-0.29880478087650486,-0.29850746268655914,-0.09980039920161055,0.37523452157599557,0.09407337723426057,33.33333333333333,8.23529411764705,-300.0,30.76923076923077,-0.8695652173912993
2015-07-01,99.6,100.6,98.7,107.0,106.8,-0.7,17.8,-0.6,-1.7,-10.4,2015,-0.4995004995005048,0.39920159680637557,-1.3986013986013957,0.0,0.3759398496240518,-41.666666666666664,-3.2608695652173836,199.99999999999994,-66.66666666666666,-8.771929824561408
2015-08-01,100.6,100.9,100.3,107.1,106.8,-2.0,20.1,-1.0,1.6,-8.6,2015,1.0040160642570184,0.29821073558649047,1.6210739614994862,0.09345794392523477,0.0,185.71428571428572,12.921348314606739,66.66666666666667,-194.11764705882354,-17.307692307692314
2015-09-01,100.1,101.0,99.2,107.5,106.5,-1.7,21.6,-2.1,0.3,-8.6,2015,-0.497017892644136,0.09910802775023875,-1.0967098703888234,0.37348272642390157,-0.2808988764044895,-15.000000000000002,7.462686567164178,110.00000000000001,-81.25,0.0
2015-10-01,100.6,100.2,101.0,106.1,108.0,-3.4,20.4,-3.2,0.0,-7.6,2015,0.4995004995004937,-0.7920792079207928,1.814516129032251,-1.3023255813953583,1.4084507042253502,100.0,-5.55555555555557,52.38095238095237,-100.0,-11.627906976744185
2015-11-01,101.0,100.5,101.6,106.9,109.0,-2.6,21.5,-3.3,-0.7,-5.4,2015,0.3976143141153132,0.29940119760478723,0.5940594059405946,0.7540056550424223,0.92592592592593,-23.529411764705877,5.392156862745101,3.124999999999978,-inf,-28.947368421052623
2015-12-01,100.7,100.6,100.8,106.4,109.8,-3.0,19.6,-1.8,-2.5,-5.3,2015,-0.2970297029702973,0.09950248756218638,-0.7874015748031482,-0.4677268475210439,0.7339449541284404,15.384615384615374,-8.837209302325578,-45.454545454545446,257.14285714285717,-1.85185185185186
2016-01-01,99.7,100.1,99.3,105.8,109.9,-3.8,19.7,-2.2,-2.7,-5.3,2016,-0.9930486593843102,-0.497017892644136,-1.4880952380952328,-0.5639097744360999,0.09107468123863427,26.66666666666666,0.5102040816326481,22.222222222222232,8.000000000000007,0.0
2016-02-01,98.7,99.7,97.6,105.2,106.7,-4.3,17.4,-2.2,-5.1,-3.6,2016,-1.0030090270812475,-0.39960039960038607,-1.7119838872104776,-0.5671077504725841,-2.91173794358508,13.157894736842103,-11.675126903553302,0.0,88.88888888888886,-32.0754716981132
2016-03-01,99.1,99.5,98.8,105.4,105.8,-3.8,17.5,-2.6,-3.3,-3.0,2016,0.4052684903748549,-0.20060180541625616,1.2295081967213184,0.19011406844107182,-0.8434864104967299,-11.627906976744185,0.5747126436781658,18.181818181818166,-35.29411764705882,-16.666666666666675
2016-04-01,100.1,100.2,99.9,106.4,107.5,-2.8,18.1,-1.7,-3.4,-4.5,2016,1.0090817356205761,0.7035175879396949,1.1133603238866474,0.9487666034155628,1.6068052930056753,-26.315789473684216,3.4285714285714475,-34.61538461538461,3.0303030303030276,50.0
2016-05-01,99.8,100.2,99.4,106.1,106.8,-2.3,16.3,-2.0,-0.4,-0.1,2016,-0.29970029970030065,0.0,-0.5005005005005003,-0.28195488721806106,-0.6511627906976791,-17.85714285714286,-9.944751381215477,17.647058823529417,-88.23529411764706,-97.77777777777777
2016-06-01,100.0,101.0,99.0,107.1,106.0,-1.4,17.8,-1.1,-3.8,1.1,2016,0.20040080160321772,0.7984031936127733,-0.4024144869215318,0.9425070688030113,-0.7490636704119868,-39.13043478260869,9.202453987730053,-44.99999999999999,849.9999999999998,-1200.0
2016-07-01,100.0,99.8,100.1,106.8,107.9,-0.9,17.0,-1.5,-2.9,1.3,2016,0.0,-1.1881188118811892,1.1111111111111072,-0.2801120448179262,1.7924528301886955,-35.71428571428571,-4.49438202247191,36.36363636363635,-23.684210526315784,18.181818181818166
2016-08-01,99.6,99.5,99.8,106.1,108.6,-2.8,17.2,-1.2,-6.5,1.9,2016,-0.40000000000000036,-0.30060120240480437,-0.29970029970030065,-0.655430711610494,0.6487488415199083,211.1111111111111,1.17647058823529,-20.000000000000007,124.13793103448279,46.153846153846146
2016-09-01,100.9,100.7,101.0,106.9,110.2,-0.6,17.6,-1.5,-4.1,4.0,2016,1.3052208835341528,1.2060301507537785,1.2024048096192397,0.7540056550424223,1.4732965009208288,-78.57142857142857,2.3255813953488413,25.0,-36.92307692307693,110.52631578947367
2016-10-01,101.3,100.7,101.9,107.7,111.3,0.5,19.0,-1.7,-4.8,2.0,2016,0.3964321110009772,0.0,0.8910891089108919,0.7483629560336658,0.9981851179673207,-183.33333333333334,7.954545454545436,13.33333333333333,17.073170731707332,-50.0
2016-11-01,101.6,102.2,101.0,107.9,111.7,0.3,18.9,-0.9,-2.9,2.2,2016,0.29615004935834577,1.4895729890764597,-0.8832188420019649,0.18570102135562205,0.3593890386343279,-40.0,-0.526315789473697,-47.05882352941176,-39.583333333333336,10.000000000000009
2016-12-01,101.0,101.8,100.2,109.4,112.1,2.5,20.3,-0.3,-4.0,5.5,2016,-0.5905511811023612,-0.391389432485334,-0.7920792079207928,1.3901760889712733,0.35810205908684,733.3333333333334,7.407407407407418,-66.66666666666667,37.93103448275863,150.0
2017-01-01,101.3,101.9,100.7,109.1,111.0,2.5,19.3,-0.1,-6.4,5.1,2017,0.2970297029702973,0.09823182711199419,0.4990019960079861,-0.2742230347349328,-0.9812667261373753,0.0,-4.926108374384242,-66.66666666666666,60.00000000000001,-7.272727272727275
2017-02-01,101.2,102.4,100.0,109.1,111.3,3.8,19.8,-1.4,-6.9,4.8,2017,-0.09871668311943749,0.4906771344455274,-0.6951340615690249,0.0,0.2702702702702675,52.0,2.590673575129543,1299.9999999999998,7.8125,-5.882352941176472
2017-03-01,101.9,103.4,100.4,110.3,109.8,5.5,19.7,-0.5,-4.8,8.7,2017,0.6916996047430901,0.9765625,0.40000000000000036,1.0999083409715782,-1.3477088948787075,44.736842105263165,-0.5050505050505083,-64.28571428571428,-30.434782608695656,81.25
2017-04-01,103.7,105.1,102.2,112.1,113.4,7.9,20.4,0.4,3.2,11.0,2017,1.7664376840039298,1.6441005802707798,1.7928286852589626,1.6319129646418906,3.2786885245901676,43.636363636363654,3.5532994923857864,-180.0,-166.66666666666669,26.436781609195403
2017-05-01,102.7,104.4,101.0,111.2,111.6,8.2,17.6,1.3,-5.8,10.3,2017,-0.9643201542912205,-0.666032350142709,-1.1741682974559686,-0.8028545941123899,-1.5873015873015928,3.7974683544303556,-13.725490196078416,225.0,-281.25,-6.36363636363636
2017-06-01,102.7,104.7,100.7,112.7,113.1,10.2,18.2,2.0,-0.6,13.0,2017,0.0,0.2873563218390718,-0.2970297029702973,1.3489208633093552,1.3440860215053752,24.390243902439025,3.409090909090895,53.84615384615383,-89.65517241379311,26.2135922330097
2017-07-01,103.8,106.7,101.0,113.3,114.7,11.8,18.4,2.0,-2.2,12.3,2017,1.0710808179162479,1.9102196752626588,0.2979145978152964,0.5323868677905796,1.4146772767462457,15.686274509803933,1.098901098901095,0.0,266.6666666666667,-5.384615384615376
2017-08-01,103.6,105.6,101.6,112.4,112.9,10.7,18.3,1.4,-6.5,12.3,2017,-0.19267822736031004,-1.0309278350515538,0.5940594059405946,-0.7943512797881636,-1.569311246730598,-9.322033898305094,-0.5434782608695565,-30.000000000000004,195.4545454545454,0.0
2017-09-01,103.9,105.9,101.9,112.6,114.0,11.9,17.8,1.3,-4.7,11.7,2017,0.28957528957529455,0.28409090909091717,0.2952755905512028,0.177935943060481,0.9743135518157642,11.214953271028039,-2.732240437158473,-7.142857142857128,-27.692307692307693,-4.87804878048782
2017-10-01,104.4,106.3,102.4,113.6,114.8,13.4,19.6,1.6,-2.4,10.9,2017,0.4812319538017418,0.37771482530688516,0.4906771344455274,0.8880994671403242,0.7017543859649145,12.605042016806722,10.1123595505618,23.076923076923084,-48.93617021276596,-6.837606837606824
2017-11-01,105.0,106.6,103.4,114.2,114.1,13.3,20.8,1.5,-2.2,12.1,2017,0.5747126436781658,0.2822201317027151,0.9765625,0.528169014084523,-0.6097560975609762,-0.7462686567164201,6.1224489795918435,-6.25,-8.333333333333325,11.009174311926607
2017-12-01,104.7,107.1,102.5,114.9,116.9,14.5,21.5,1.4,0.1,12.3,2017,-0.28571428571427804,0.46904315196998336,-0.8704061895551285,0.6129597197898518,2.4539877300613577,9.022556390977442,3.3653846153846034,-6.666666666666677,-104.54545454545455,1.6528925619834878
2018-01-01,105.0,108.4,101.7,115.5,118.8,14.8,23.0,2.3,-2.1,13.5,2018,0.2865329512893977,1.2138188608777023,-0.7804878048780495,0.5221932114882533,1.6253207869974196,2.0689655172413834,6.976744186046502,64.28571428571428,-2200.0,9.756097560975597
2018-02-01,104.0,107.6,100.6,114.4,117.8,12.5,21.5,2.3,-2.4,14.7,2018,-0.952380952380949,-0.738007380073813,-1.0816125860373726,-0.952380952380949,-0.8417508417508435,-15.540540540540547,-6.521739130434778,0.0,14.28571428571428,8.888888888888879
2018-03-01,103.9,106.9,101.0,113.0,115.8,10.8,20.2,1.6,-7.0,15.6,2018,-0.09615384615384581,-0.6505576208178376,0.3976143141153132,-1.2237762237762295,-1.697792869269954,-13.59999999999999,-6.04651162790698,-30.43478260869564,191.66666666666669,6.1224489795918435
2018-04-01,103.5,106.4,100.6,113.0,114.8,12.2,17.8,1.4,-4.7,17.3,2018,-0.38498556304139564,-0.4677268475210439,-0.3960396039603964,0.0,-0.8635578583765069,12.962962962962955,-11.88118811881187,-12.50000000000001,-32.857142857142854,10.897435897435903
2018-05-01,102.8,106.7,99.1,112.6,116.2,11.5,17.7,1.1,-1.4,17.4,2018,-0.6763285024154575,0.28195488721804995,-1.491053677932408,-0.3539823008849585,1.2195121951219523,-5.737704918032782,-0.5617977528090012,-21.42857142857142,-70.2127659574468,0.5780346820809079
2018-06-01,101.6,105.8,97.6,112.5,115.5,11.9,16.1,1.4,-6.3,16.4,2018,-1.1673151750972832,-0.8434864104967299,-1.5136226034308753,-0.0888099467140302,-0.6024096385542244,3.4782608695652195,-9.039548022598854,27.27272727272725,350.0,-5.747126436781613
2018-07-01,101.6,105.9,97.5,113.5,116.3,10.4,22.9,0.2,-6.9,20.4,2018,0.0,0.0945179584121103,-0.10245901639344135,0.8888888888888946,0.6926406926407003,-12.605042016806722,42.23602484472047,-85.71428571428571,9.523809523809534,24.390243902439025
2018-08-01,103.7,107.0,100.6,112.8,118.1,9.6,21.8,0.6,-5.5,18.8,2018,2.0669291338582862,1.0387157695939564,3.1794871794871726,-0.6167400881057272,1.5477214101461634,-7.692307692307699,-4.803493449781648,199.99999999999994,-20.28985507246377,-7.843137254901955
2018-09-01,103.8,107.3,100.4,112.7,117.3,9.1,22.5,0.2,-1.7,18.9,2018,0.0964320154291265,0.2803738317757043,-0.1988071570576455,-0.08865248226950229,-0.6773920406435208,-5.2083333333333375,3.2110091743119185,-66.66666666666666,-69.0909090909091,0.5319148936170137
2018-10-01,102.9,106.3,99.6,111.2,117.2,6.8,20.6,-0.1,-5.8,20.9,2018,-0.8670520231213841,-0.9319664492078328,-0.7968127490039945,-1.3309671694764824,-0.08525149190110604,-25.274725274725274,-8.444444444444443,-150.0,241.17647058823528,10.582010582010582
2018-11-01,102.3,106.2,98.6,112.3,114.1,6.7,24.2,0.0,-4.6,20.9,2018,-0.5830903790087549,-0.09407337723423836,-1.0040160642570295,0.9892086330935301,-2.6450511945392607,-1.4705882352941124,17.475728155339798,-100.0,-20.6896551724138,0.0
2018-12-01,101.2,105.3,97.3,110.2,115.7,3.9,21.6,-0.8,-5.0,18.9,2018,-1.0752688172043001,-0.8474576271186529,-1.3184584178498993,-1.8699910952804988,1.4022787028922012,-41.7910447761194,-10.743801652892548,-inf,8.69565217391306,-9.569377990430628
2019-01-01,99.5,104.8,94.5,109.2,113.0,2.4,19.8,0.0,-10.3,17.6,2019,-1.679841897233203,-0.47483380816714105,-2.877697841726612,-0.907441016333943,-2.333621434745037,-38.46153846153846,-8.333333333333337,-100.0,106.0,-6.878306878306861
2019-02-01,98.7,103.6,94.0,108.7,113.0,0.5,20.8,-0.3,-7.6,17.3,2019,-0.8040201005025116,-1.1450381679389388,-0.5291005291005346,-0.45787545787545625,0.0,-79.16666666666666,5.050505050505061,-inf,-26.21359223300972,-1.7045454545454586
2019-03-01,99.9,104.1,95.8,107.2,110.1,-2.4,19.5,-0.2,-3.6,18.4,2019,1.2158054711246313,0.4826254826254761,1.9148936170212627,-1.3799448022079108,-2.5663716814159354,-580.0,-6.25,-33.33333333333333,-52.63157894736842,6.358381502890165
2019-04-01,100.6,104.3,97.0,106.1,110.6,-5.3,20.0,-0.5,-4.3,19.6,2019,0.700700700700696,0.19212295869357465,1.2526096033403045,-1.0261194029850818,0.4541326067211582,120.83333333333334,2.564102564102555,150.0,19.444444444444443,6.521739130434789
2019-05-01,98.3,101.4,95.3,106.1,107.5,-5.1,18.7,-0.9,-2.8,18.4,2019,-2.2862823061630233,-2.780441035474579,-1.7525773195876337,0.0,-2.8028933092224206,-3.7735849056603765,-6.500000000000005,80.0,-34.88372093023256,-6.122448979591855
2019-06-01,96.8,101.2,92.6,103.2,106.8,-8.8,16.5,-2.9,-2.6,16.9,2019,-1.5259409969481164,-0.19723865877712132,-2.833158447009443,-2.7332704995287394,-0.6511627906976791,72.54901960784316,-11.764705882352933,222.2222222222222,-7.142857142857128,-8.15217391304348
2019-07-01,95.5,100.0,91.2,100.6,106.8,-12.0,12.6,-2.6,-7.3,18.0,2019,-1.342975206611563,-1.1857707509881465,-1.5118790496760126,-2.519379844961245,0.0,36.36363636363635,-23.636363636363633,-10.344827586206895,180.76923076923075,6.5088757396449815
2019-08-01,94.1,97.4,91.0,100.6,102.3,-10.8,11.3,-3.3,-5.8,15.6,2019,-1.465968586387445,-2.599999999999991,-0.21929824561404132,0.0,-4.2134831460674205,-9.999999999999998,-10.317460317460315,26.923076923076916,-20.547945205479458,-13.33333333333333
2019-09-01,94.8,98.9,90.9,99.9,103.5,-15.1,13.8,-2.1,-7.9,13.2,2019,0.7438894792773709,1.5400410677617993,-0.1098901098900984,-0.6958250497017815,1.1730205278592365,39.814814814814795,22.123893805309724,-36.36363636363635,36.20689655172416,-15.384615384615385
2019-10-01,95.0,98.0,92.0,99.9,104.7,-14.5,15.1,-3.9,-7.6,14.0,2019,0.21097046413502962,-0.9100101112234582,1.2101210121012063,0.0,1.1594202898550732,-3.9735099337748325,9.420289855072461,85.7142857142857,-3.797468354430389,6.060606060606055
2019-11-01,95.3,98.3,92.4,101.4,105.9,-14.7,17.1,-2.2,-4.0,12.7,2019,0.3157894736842026,0.3061224489795844,0.43478260869564966,1.501501501501501,1.1461318051575908,1.379310344827589,13.245033112582782,-43.58974358974358,-47.36842105263158,-9.285714285714286
2019-12-01,96.5,99.1,94.0,102.4,104.9,-14.6,21.9,-3.6,-4.5,13.5,2019,1.2591815320041944,0.8138351983723258,1.7316017316017174,0.9861932938856066,-0.9442870632672351,-0.6802721088435382,28.07017543859647,63.636363636363626,12.5,6.299212598425208
2020-01-01,96.1,99.6,92.7,104.7,105.7,-10.6,21.9,-2.5,-8.0,14.0,2020,-0.4145077720207335,0.5045408678102881,-1.382978723404249,2.24609375,0.7626310772163913,-27.397260273972602,0.0,-30.555555555555557,77.77777777777777,3.703703703703698
2020-02-01,95.9,98.9,93.1,104.6,102.7,-10.6,22.8,-2.4,-8.2,13.0,2020,-0.20811654526533552,-0.7028112449799062,0.4314994606256617,-0.09551098376313627,-2.838221381267736,0.0,4.109589041095907,-4.0000000000000036,2.499999999999991,-7.14285714285714
2020-03-01,86.2,92.8,80.1,91.6,91.2,-17.3,-1.2,-8.4,-24.1,8.9,2020,-10.114702815432741,-6.167846309403446,-13.963480128893668,-12.4282982791587,-11.197663096397271,63.20754716981134,-105.26315789473684,250.00000000000006,193.90243902439028,-31.538461538461537
2020-04-01,75.0,79.2,71.0,67.0,73.6,-35.7,-39.8,-18.1,-46.1,0.9,2020,-12.993039443155451,-14.655172413793094,-11.360799001248434,-26.85589519650654,-19.298245614035093,106.35838150289017,3216.6666666666665,115.47619047619047,91.2863070539419,-89.8876404494382
2020-05-01,79.5,78.6,80.4,72.2,78.1,-29.2,-39.8,-15.5,-31.6,-0.8,2020,6.000000000000005,-0.757575757575768,13.239436619718315,7.76119402985076,6.114130434782616,-18.20728291316528,0.0,-14.36464088397791,-31.45336225596529,-188.88888888888889
2020-06-01,85.3,80.9,89.9,81.5,88.4,-22.1,-27.6,-11.4,-16.8,0.5,2020,7.295597484276728,2.926208651399498,11.815920398009961,12.880886426592797,13.188220230473767,-24.315068493150683,-30.65326633165828,-26.451612903225808,-46.83544303797469,-162.5
2020-07-01,89.4,84.3,94.8,90.1,91.1,-15.3,-11.7,-10.4,-8.6,0.4,2020,4.806565064478319,4.202719406674893,5.45050055617351,10.552147239263787,3.054298642533926,-30.76923076923077,-57.60869565217392,-8.771929824561408,-48.80952380952381,-19.999999999999996
2020-08-01,92.1,87.7,96.6,97.2,96.0,-9.8,2.1,-8.1,-4.9,-0.5,2020,3.0201342281878985,4.033214709371302,1.8987341772151778,7.880133185349614,5.378704720087812,-35.94771241830065,-117.94871794871796,-22.115384615384627,-43.02325581395349,-225.0
2020-09-01,93.5,89.5,97.7,98.8,98.7,-7.4,4.5,-8.4,-4.2,2.9,2020,1.5200868621064068,2.052451539338662,1.1387163561076719,1.6460905349794164,2.8124999999999956,-24.489795918367353,114.28571428571428,3.70370370370372,-14.28571428571429,-680.0
2020-10-01,93.0,90.6,95.4,100.5,99.7,-3.1,5.2,-9.2,-0.9,1.6,2020,-0.5347593582887722,1.229050279329602,-2.3541453428863823,1.7206477732793601,1.0131712259371817,-58.10810810810811,15.555555555555568,9.523809523809511,-78.57142857142857,-44.827586206896555
2020-11-01,91.7,90.4,93.0,98.5,99.5,-3.7,1.9,-9.7,-6.7,0.3,2020,-1.3978494623655857,-0.22075055187636972,-2.515723270440262,-1.9900497512437831,-0.20060180541625616,19.354838709677423,-63.46153846153846,5.434782608695654,644.4444444444445,-81.25
2020-12-01,93.2,91.8,94.7,99.0,96.8,-0.9,-1.8,-8.7,-4.5,1.8,2020,1.6357688113413316,1.5486725663716783,1.8279569892473146,0.50761421319796,-2.713567839195985,-75.67567567567568,-194.73684210526315,-10.309278350515461,-32.835820895522396,500.0
2021-01-01,90.7,89.6,91.8,96.6,94.2,1.1,-4.7,-11.3,-29.1,1.6,2021,-2.682403433476399,-2.3965141612200425,-3.062302006335804,-2.4242424242424288,-2.685950413223137,-222.22222222222223,161.11111111111111,29.885057471264375,546.6666666666666,-11.111111111111105
2021-02-01,92.7,90.9,94.5,99.8,93.1,6.5,-4.3,-9.6,-30.5,-0.1,2021,2.2050716648291058,1.4508928571428603,2.941176470588247,3.31262939958592,-1.167728237791943,490.9090909090908,-8.510638297872353,-15.044247787610631,4.810996563573888,-106.25
2021-03-01,96.1,93.3,99.1,105.1,99.8,12.4,-0.3,-6.8,-17.9,2.1,2021,3.6677454153182243,2.640264026402628,4.867724867724865,5.310621242484959,7.1965628356605915,90.76923076923077,-93.02325581395348,-29.166666666666664,-41.31147540983607,-2200.0
2021-04-01,96.0,94.2,97.8,105.1,101.1,15.1,-2.1,-8.2,-13.3,2.9,2021,-0.10405827263266776,0.9646302250803984,-1.3118062563067578,0.0,1.3026052104208485,21.7741935483871,600.0000000000001,20.58823529411764,-25.698324022346362,38.095238095238095
2021-05-01,98.2,95.7,100.8,108.6,105.0,15.9,4.5,-4.9,-6.3,4.2,2021,2.2916666666666696,1.5923566878981,3.0674846625766916,3.3301617507136116,3.857566765578646,5.298013245033117,-314.2857142857143,-40.24390243902438,-52.63157894736843,44.827586206896555
2021-06-01,100.9,99.8,102.0,116.0,113.8,19.8,18.9,-1.7,4.3,5.4,2021,2.7494908350305547,4.28422152560084,1.1904761904761862,6.813996316758764,8.380952380952378,24.52830188679245,319.99999999999994,-65.3061224489796,-168.25396825396825,28.57142857142858
2021-07-01,100.7,100.6,100.9,117.5,112.0,22.1,20.8,-2.6,6.9,5.9,2021,-0.1982160555004997,0.8016032064128265,-1.0784313725490158,1.2931034482758674,-1.5817223198594021,11.616161616161612,10.052910052910068,52.941176470588246,60.46511627906979,9.259259259259256
2021-08-01,100.1,101.7,98.5,117.9,115.5,23.1,22.2,-3.9,3.6,6.4,2021,-0.5958291956305928,1.093439363817117,-2.378592666005952,0.34042553191488967,3.125,4.52488687782806,6.730769230769229,50.0,-47.82608695652174,8.47457627118644
2021-09-01,100.1,101.0,99.2,118.9,117.1,24.2,20.5,-0.8,4.5,9.4,2021,0.0,-0.68829891838742,0.7106598984771617,0.8481764206955011,1.3852813852813783,4.761904761904745,-7.657657657657657,-79.48717948717949,25.0,46.875
2021-10-01,98.8,100.7,97.0,117.9,115.2,21.5,22.6,-2.6,3.0,10.3,2021,-1.2987012987012991,-0.2970297029702973,-2.2177419354838745,-0.8410428931875491,-1.6225448334756587,-11.157024793388427,10.2439024390244,225.0,-33.333333333333336,9.57446808510638
2021-11-01,97.3,99.6,95.0,116.0,114.9,20.6,19.8,-4.4,4.4,12.1,2021,-1.5182186234817818,-1.0923535253227534,-2.0618556701030966,-1.6115351993214677,-0.26041666666666297,-4.1860465116279055,-12.389380530973447,69.23076923076923,46.66666666666668,17.475728155339798
2021-12-01,95.4,97.4,93.4,112.7,113.5,23.5,8.3,-6.4,-5.5,11.2,2021,-1.9527235354573347,-2.208835341365456,-1.684210526315788,-2.8448275862068995,-1.218450826805928,14.077669902912614,-58.080808080808076,45.45454545454546,-225.0,-7.438016528925628
2022-01-01,96.1,96.6,95.7,113.1,112.2,22.6,8.5,-4.9,-2.0,9.4,2022,0.7337526205450695,-0.8213552361396426,2.4625267665952855,0.3549245785270605,-1.1453744493392093,-3.8297872340425476,2.409638554216853,-23.4375,-63.63636363636363,-16.07142857142856
2022-02-01,98.6,98.9,98.3,115.0,116.3,22.2,16.0,-6.3,-0.5,12.4,2022,2.6014568158168494,2.3809523809523947,2.7168234064785635,1.6799292661361598,3.6541889483065804,-1.7699115044247926,88.23529411764706,28.57142857142856,-75.0,31.914893617021267
2022-03-01,89.9,97.1,83.2,106.6,110.5,15.1,10.7,-15.4,-10.3,8.2,2022,-8.823529411764696,-1.8200202224469275,-15.361139369277721,-7.304347826086966,-4.987102321582116,-31.981981981981978,-33.12500000000001,144.44444444444446,1960.0000000000002,-33.87096774193549
2022-04-01,91.2,97.3,85.5,106.5,111.7,15.5,13.8,-18.6,-10.6,5.3,2022,1.4460511679643906,0.2059732234809486,2.7644230769230838,-0.09380863039398779,1.0859728506787292,2.6490066225165476,28.971962616822445,20.779220779220786,2.9126213592232997,-35.36585365853659
2022-05-01,92.2,99.6,85.4,107.0,113.9,14.0,16.3,-18.8,-11.8,6.6,2022,1.0964912280701844,2.3638232271325776,-0.11695906432748204,0.46948356807512415,1.9695613249776311,-9.677419354838712,18.1159420289855,1.0752688172043001,11.320754716981153,24.52830188679245
2022-06-01,92.0,99.4,85.1,105.7,112.7,15.0,14.8,-20.4,-14.2,5.4,2022,-0.2169197396963196,-0.20080321285139702,-0.3512880562061005,-1.2149532710280297,-1.0535557506584747,7.14285714285714,-9.202453987730063,8.51063829787233,20.338983050847446,-18.181818181818176
2022-07-01,88.7,97.9,80.4,100.5,107.9,11.1,10.2,-24.6,-18.4,1.0,2022,-3.5869565217391264,-1.5090543259557387,-5.5229142185663775,-4.9195837275307515,-4.259094942324748,-26.0,-31.081081081081084,20.588235294117663,29.5774647887324,-81.4814814814815
2022-08-01,89.2,97.7,81.3,98.6,107.8,8.2,7.4,-23.5,-19.4,1.8,2022,0.5636978579481422,-0.20429009193054792,1.1194029850746245,-1.8905472636815968,-0.0926784059314234,-26.126126126126124,-27.450980392156854,-4.471544715447163,5.434782608695654,80.0
2022-09-01,85.8,95.0,77.4,94.3,105.0,4.6,5.9,-28.0,-23.6,-2.6,2022,-3.811659192825123,-2.76356192425794,-4.797047970479696,-4.361054766734274,-2.5974025974025983,-43.90243902439024,-20.270270270270274,19.14893617021276,21.649484536082486,-244.44444444444446
2022-10-01,85.3,94.5,77.0,92.8,101.4,3.4,1.7,-26.6,-23.6,-3.2,2022,-0.5827505827505797,-0.5263157894736858,-0.5167958656330796,-1.590668080593849,-3.4285714285714253,-26.086956521739125,-71.18644067796612,-4.999999999999993,0.0,23.076923076923084
2022-11-01,86.9,93.4,80.8,94.1,105.5,3.7,2.4,-24.3,-23.6,-2.1,2022,1.8757327080891173,-1.1640211640211562,4.935064935064926,1.400862068965525,4.043392504930954,8.823529411764719,41.176470588235304,-8.64661654135338,0.0,-34.375
2022-12-01,89.3,94.3,84.5,96.1,104.6,3.2,6.1,-22.0,-16.8,-3.1,2022,2.7617951668584384,0.9635974304068373,4.579207920792072,2.125398512221044,-0.853080568720388,-13.513513513513509,154.16666666666666,-9.465020576131689,-28.8135593220339,47.61904761904763
2023-01-01,90.5,94.4,86.6,98.3,106.9,4.2,8.2,-19.9,-15.6,-2.0,2023,1.3437849944009095,0.10604453870626251,2.485207100591702,2.289281997918846,2.198852772466542,31.25,34.42622950819671,-9.545454545454557,-7.142857142857151,-35.483870967741936
2023-02-01,91.1,94.1,88.2,98.6,105.6,1.9,8.9,-16.8,-14.7,-4.4,2023,0.6629834254143541,-0.31779661016950733,1.847575057736739,0.3051881993896277,-1.2160898035547318,-54.761904761904766,8.536585365853666,-15.57788944723617,-5.769230769230771,120.00000000000001
2023-03-01,92.6,95.5,89.8,98.0,105.6,-0.5,10.9,-17.8,-15.0,-5.1,2023,1.6465422612513825,1.4877789585547418,1.814058956916087,-0.6085192697768749,0.0,-126.3157894736842,22.471910112359538,5.952380952380953,2.0408163265306145,15.909090909090896
2023-04-01,92.9,95.0,90.7,99.0,105.9,-1.4,10.7,-14.4,-12.4,-6.1,2023,0.3239740820734527,-0.5235602094240788,1.0022271714922093,1.0204081632652962,0.28409090909091717,179.99999999999997,-1.8348623853211121,-19.10112359550562,-17.333333333333336,19.6078431372549
2023-05-01,90.9,94.8,87.2,95.7,100.6,-5.6,7.1,-14.0,-18.5,-7.3,2023,-2.152852529601723,-0.21052631578947212,-3.858875413450935,-3.3333333333333326,-5.00472143531635,300.0,-33.64485981308412,-2.777777777777779,49.193548387096776,19.672131147540984
2023-06-01,88.2,93.7,83.0,94.1,102.9,-8.8,6.1,-14.2,-16.9,-12.8,2023,-2.970297029702973,-1.1603375527426074,-4.816513761467888,-1.6718913270637459,2.2862823061630344,57.14285714285716,-14.084507042253524,1.4285714285714235,-8.64864864864866,75.34246575342468
2023-07-01,87.4,91.3,83.6,92.0,100.2,-13.6,5.9,-14.0,-17.5,-15.5,2023,-0.9070294784580435,-2.5613660618996836,0.7228915662650603,-2.2316684378320906,-2.6239067055393583,54.54545454545452,-3.2786885245901565,-1.4084507042253502,3.550295857988184,21.09375
2023-08-01,85.8,88.9,82.8,90.0,100.2,-15.6,2.6,-14.8,-20.0,-17.1,2023,-1.830663615560646,-2.6286966046002114,-0.9569377990430561,-2.1739130434782594,0.0,14.705882352941169,-55.93220338983051,5.714285714285716,14.28571428571428,10.322580645161295
2023-09-01,86.3,88.8,83.7,90.3,98.1,-13.7,2.2,-15.3,-19.7,-18.2,2023,0.5827505827505908,-0.11248593925760053,1.0869565217391353,0.33333333333334103,-2.095808383233544,-12.17948717948718,-15.384615384615385,3.378378378378377,-1.5000000000000013,6.432748538011679
2023-10-01,87.0,89.2,84.8,90.7,98.3,-14.9,4.2,-15.2,-21.7,-18.0,2023,0.8111239860950192,0.45045045045044585,1.3142174432496878,0.44296788482836025,0.20387359836901986,8.759124087591253,90.90909090909089,-0.6535947712418388,10.152284263959398,-1.098901098901095
2023-11-01,87.3,89.5,85.2,90.3,97.9,-15.4,4.8,-16.3,-19.1,-17.7,2023,0.34482758620688614,0.33632286995515237,0.4716981132075526,-0.4410143329658278,-0.4069175991861518,3.3557046979865834,14.28571428571428,7.236842105263164,-11.981566820276491,-1.6666666666666718
2023-12-01,86.9,88.6,85.1,92.9,100.1,-14.3,7.2,-13.8,-19.3,-17.1,2023,-0.45819014891178567,-1.0055865921787754,-0.11737089201878659,2.879291251384286,2.2471910112359383,-7.14285714285714,50.0,-15.337423312883436,1.0471204188481575,-3.3898305084745672
2024-01-01,85.6,86.9,84.3,90.4,96.9,-16.2,5.8,-16.5,-25.6,-18.2,2024,-1.4959723820483495,-1.918735891647838,-0.9400705052878933,-2.6910656620021567,-3.1968031968031885,13.286713286713269,-19.444444444444454,19.565217391304344,32.64248704663213,6.432748538011679
2024-02-01,85.9,86.9,84.8,89.9,95.6,-18.3,3.8,-13.7,-25.3,-18.3,2024,0.3504672897196359,0.0,0.5931198102016699,-0.553097345132747,-1.3415892672858698,12.962962962962976,-34.48275862068966,-16.96969696969698,-1.171875,0.5494505494505475
2024-03-01,87.7,88.0,87.3,90.7,98.5,-16.9,3.1,-13.1,-20.1,-19.5,2024,2.0954598370197974,1.2658227848101111,2.948113207547176,0.8898776418242438,3.0334728033472924,-7.650273224043724,-18.421052631578938,-4.379562043795615,-20.553359683794458,6.557377049180313
2024-04-01,89.0,88.8,89.3,92.5,97.4,-18.4,6.1,-10.3,-17.6,-17.5,2024,1.4823261117445696,0.9090909090909038,2.290950744558984,1.9845644983461863,-1.116751269035532,8.875739644970416,96.77419354838707,-21.37404580152671,-12.43781094527363,-10.256410256410254
2024-05-01,88.9,88.3,89.4,93.1,97.2,-18.1,8.4,-10.5,-16.6,-18.4,2024,-0.11235955056179137,-0.5630630630630629,0.11198208286675726,0.648648648648642,-0.2053388090349051,-1.6304347826086807,37.70491803278691,1.9417475728155331,-5.681818181818176,5.142857142857138
2024-06-01,88.2,88.3,88.1,93.0,97.7,-17.2,7.6,-10.4,-20.5,-17.4,2024,-0.7874015748031482,0.0,-1.454138702460861,-0.10741138560687036,0.5144032921810648,-4.972375690607745,-9.523809523809534,-0.952380952380949,23.49397590361444,-5.434782608695654
2024-07-01,87.0,87.0,86.9,93.1,96.3,-18.9,8.1,-8.5,-24.1,-16.9,2024,-1.3605442176870763,-1.4722536806341946,-1.362088535754813,0.10752688172042113,-1.4329580348004134,9.883720930232553,6.578947368421062,-18.26923076923077,17.560975609756113,-2.8735632183908066
2024-08-01,86.5,86.4,86.6,91.5,94.8,-20.1,5.6,-10.0,-22.1,-16.5,2024,-0.5747126436781658,-0.6896551724137834,-0.34522439585732423,-1.7185821697099812,-1.5576323987538943,6.349206349206371,-30.864197530864203,17.647058823529417,-8.298755186721996,-2.3668639053254337
2024-09-01,85.6,84.4,86.7,90.5,93.3,-22.7,6.6,-10.8,-23.7,-15.2,2024,-1.0404624277456698,-2.314814814814814,0.11547344110856006,-1.0928961748633892,-1.5822784810126556,12.935323383084562,17.85714285714286,8.000000000000007,7.239819004524883,-7.878787878787885
2024-10-01,86.5,85.7,87.3,90.8,93.0,-23.3,6.2,-8.9,-23.5,-15.7,2024,1.0514018691588856,1.540284360189581,0.6920415224913379,0.33149171270718814,-0.3215434083601254,2.643171806167399,-6.060606060606055,-17.59259259259259,-0.8438818565400852,3.289473684210531
2024-11-01,85.7,84.3,87.1,89.4,92.6,-22.6,3.0,-10.7,-19.9,-17.2,2024,-0.9248554913294793,-1.6336056009334965,-0.22909507445589838,-1.541850220264307,-0.43010752688172893,-3.0042918454935563,-51.61290322580645,20.22471910112358,-15.319148936170224,9.554140127388532
2024-12-01,84.9,85.1,84.8,86.8,90.2,-28.6,2.5,-10.2,-20.5,-14.6,2024,-0.9334889148191361,0.9489916963226541,-2.640642939150395,-2.908277404921711,-2.591792656587466,26.54867256637168,-16.666666666666664,-4.672897196261683,3.015075376884435,-15.116279069767435
